maille;sb;ha;dist_eau_m;pente10;twi;alt;dist_acces_m;ta;cp;n_P;n_I;n_S;note;rang;n_sb;etoiles
56;SB09;4.3;141.7;0.0;6.9;282.3;140.2;47.9;48.8;87.8;17.1;49.7;46.5;45;54;1
60;SB09;3.2;255.2;14.5;6.1;374.3;40.3;19.2;0.0;77.7;12.1;9.6;31.2;54;54;1
64;SB09;3.8;152.0;8.8;7.7;341.5;49.4;85.8;0.0;86.9;34.5;42.9;52.3;35;54;2
66;SB09;3.6;93.4;7.9;6.1;374.7;36.0;57.0;0.0;92.1;7.7;28.5;38.2;53;54;1
107;SB01;8.6;188.3;93.8;8.2;225.5;76.3;94.2;2.1;83.7;84.6;48.2;75.2;3;41;5
108;SB09;5.4;77.9;88.2;7.6;234.1;83.7;99.3;0.0;93.4;73.1;49.7;73.4;1;54;5
109;SB09;8.1;176.8;62.4;7.6;240.3;64.5;97.5;2.5;84.7;60.5;50.1;65.2;12;54;4
110;SB09;8.0;119.8;47.1;6.9;265.6;120.5;88.0;0.0;89.7;41.5;44.0;56.6;27;54;3
111;SB09;10.4;262.6;30.7;7.1;280.0;109.6;75.8;23.9;77.1;36.6;50.5;52.2;36;54;2
112;SB09;10.8;131.6;29.7;6.9;317.8;69.5;56.3;31.0;88.7;32.5;44.6;52.4;34;54;2
113;SB09;8.2;60.0;26.7;6.6;302.2;29.0;79.4;19.4;95.0;26.1;49.9;52.7;33;54;3
114;SB09;3.2;20.1;32.3;6.5;287.3;203.0;32.5;0.0;98.6;27.8;16.3;46.1;46;54;1
115;SB09;6.1;68.4;29.8;6.4;295.8;108.3;69.0;0.0;94.3;24.8;34.5;48.1;40;54;2
116;SB09;4.2;113.8;55.7;6.6;306.7;107.0;100.0;0.0;90.3;40.0;50.0;57.6;24;54;3
117;SB09;6.9;76.0;76.6;7.0;322.1;67.1;100.0;0.0;93.6;58.1;50.0;66.7;8;54;5
160;SB01;10.2;168.1;89.1;8.0;229.6;92.5;96.7;1.4;85.5;80.4;49.1;74.1;4;41;5
161;SB01;7.8;3.9;91.0;7.9;233.9;183.2;97.8;0.0;100.0;79.0;48.9;77.8;1;41;5
162;SB01;7.2;168.5;89.4;7.7;237.1;53.1;99.4;0.0;85.4;75.6;49.7;72.1;7;41;5
163;SB09;9.1;81.2;73.9;7.5;244.7;93.8;87.7;0.0;93.1;64.2;43.9;67.8;6;54;5
164;SB09;8.0;121.3;47.9;6.8;279.0;149.2;62.8;28.1;89.6;39.7;46.3;56.3;29;54;3
165;SB09;11.3;66.4;52.3;6.9;265.2;79.9;95.0;0.0;94.5;43.4;47.5;59.8;21;54;4
166;SB09;9.4;86.5;43.6;6.7;266.3;67.8;85.8;9.0;92.7;36.1;47.7;56.0;30;54;3
167;SB09;6.3;39.2;55.0;7.3;269.0;87.2;96.9;0.0;96.9;51.1;48.5;64.2;14;54;4
169;SB09;5.1;69.9;65.2;7.0;317.0;68.2;82.2;0.0;94.2;51.0;41.1;61.5;18;54;4
170;SB09;10.4;201.4;29.5;6.5;326.9;50.4;87.0;0.0;82.5;26.4;43.5;47.5;43;54;2
171;SB09;5.9;248.8;28.8;6.6;378.6;73.9;82.2;0.0;78.3;26.2;41.1;45.6;48;54;1
172;SB09;3.2;68.1;9.4;6.3;377.2;63.1;47.5;0.0;94.3;11.7;23.8;39.5;52;54;1
212;SB01;3.0;375.8;10.4;6.4;304.8;30.3;100.0;0.0;67.1;14.0;50.0;38.9;38;41;1
213;SB01;7.1;45.1;47.8;6.9;270.0;49.0;82.3;9.7;96.3;41.7;46.3;59.2;27;41;2
214;SB01;9.1;278.3;78.5;7.9;239.4;64.0;93.3;2.8;75.7;72.9;48.1;67.6;12;41;4
215;SB01;6.9;68.3;87.2;7.6;244.7;101.7;82.4;0.0;94.3;72.6;41.2;71.2;10;41;4
216;SB01;3.3;201.6;69.0;7.8;248.8;33.7;85.7;11.4;82.5;67.3;48.9;67.2;13;41;4
217;SB09;6.9;63.0;63.6;7.4;254.0;58.7;81.4;11.2;94.8;56.9;46.6;65.7;11;54;5
218;SB09;12.0;100.1;84.3;7.6;261.4;48.0;99.5;0.0;91.5;71.7;49.7;72.1;2;54;5
219;SB09;4.6;178.6;53.9;6.8;292.3;104.4;100.0;0.0;84.5;43.0;50.0;57.2;25;54;3
220;SB09;10.5;235.1;68.5;7.2;302.1;91.6;100.0;0.0;79.5;56.5;50.0;61.8;17;54;4
221;SB09;4.0;168.0;47.0;6.9;305.9;70.9;100.0;0.0;85.5;41.5;50.0;56.8;26;54;3
222;SB09;4.2;241.6;53.6;7.3;322.4;51.7;89.9;0.0;79.0;50.7;44.9;57.8;23;54;3
223;SB09;4.0;37.1;31.8;7.5;315.8;174.0;100.0;0.0;97.1;43.2;50.0;61.0;19;54;4
224;SB09;5.6;58.6;17.1;6.4;333.5;77.6;82.8;0.0;95.2;17.6;41.4;46.8;44;54;2
225;SB09;4.6;239.1;21.8;6.7;407.0;45.6;53.2;3.3;79.2;24.9;28.3;42.0;50;54;1
226;SB09;3.9;121.1;0.0;6.6;429.6;89.8;0.6;92.2;89.6;12.7;49.0;44.8;49;54;1
230;SB10;3.9;232.3;0.0;7.1;486.8;19.6;0.0;0.0;79.8;20.2;0.0;33.0;46;50;1
231;SB10;7.9;118.7;5.6;6.3;485.9;65.7;36.2;0.0;89.8;11.0;18.1;36.4;40;50;2
232;SB10;5.7;75.2;10.1;6.4;481.5;71.8;0.0;0.0;93.7;14.9;0.0;34.8;43;50;1
233;SB10;5.4;116.4;1.1;6.4;497.8;6.6;0.0;0.0;90.0;10.4;0.0;31.7;49;50;1
239;SB10;3.7;167.8;1.5;7.2;741.2;141.5;53.7;0.0;85.5;23.3;26.9;42.8;33;50;2
266;SB01;6.9;10.8;35.9;6.8;289.4;61.9;64.3;29.4;99.4;33.3;47.7;56.7;28;41;2
268;SB01;5.6;73.2;58.9;7.0;260.5;74.1;99.6;0.0;93.9;48.7;49.8;62.5;21;41;3
269;SB01;6.1;78.0;85.7;7.4;247.4;90.2;97.8;0.8;93.4;68.6;49.3;71.2;11;41;4
270;SB01;8.3;292.5;64.9;7.4;272.2;87.6;38.0;61.2;74.4;57.7;51.3;61.1;23;41;3
271;SB09;4.4;240.6;67.1;7.1;313.6;46.4;42.3;52.7;79.0;53.7;49.0;60.1;20;54;4
272;SB09;6.7;101.7;71.1;7.6;271.0;129.9;89.5;6.7;91.3;64.4;48.3;68.4;5;54;5
273;SB09;7.8;131.9;66.7;7.3;280.5;69.4;98.0;0.0;88.7;57.2;49.0;64.6;13;54;4
274;SB09;4.2;47.3;43.8;7.4;280.6;85.5;94.5;0.0;96.2;47.7;47.2;62.1;15;54;4
276;SB09;4.5;22.6;31.8;6.5;318.6;158.4;86.7;13.3;98.3;27.2;50.4;54.3;31;54;3
277;SB09;13.7;46.3;57.9;6.9;334.5;184.2;97.1;0.4;96.2;46.5;48.8;62.0;16;54;4
278;SB09;6.8;61.1;21.4;6.6;338.6;72.7;81.2;14.8;94.9;23.3;48.4;51.1;37;54;2
279;SB09;6.1;65.5;7.3;6.6;375.5;126.0;21.6;77.2;94.5;15.9;51.6;48.4;39;54;2
280;SB09;6.4;59.7;0.9;6.8;436.3;46.4;74.5;18.4;95.1;16.6;47.0;47.7;42;54;2
281;SB09;10.5;192.3;1.1;6.7;481.6;38.3;41.5;24.3;83.3;14.7;33.6;40.0;51;54;1
282;SB10;8.5;138.7;0.0;6.5;488.2;8.7;8.6;1.0;88.1;10.7;4.8;32.4;48;50;1
283;SB10;4.7;124.3;2.2;6.5;408.9;64.3;10.8;0.0;89.3;11.6;5.4;33.4;45;50;1
284;SB10;9.4;128.3;6.3;6.4;443.2;209.0;62.9;0.0;89.0;12.6;31.4;40.2;36;50;2
285;SB10;4.5;159.1;19.8;6.2;439.4;218.2;37.9;0.0;86.3;16.8;19.0;38.2;39;50;2
286;SB10;11.7;104.9;9.4;6.3;449.3;58.4;20.9;0.0;91.1;13.2;10.4;35.9;42;50;1
287;SB10;9.4;33.6;1.8;7.0;465.9;146.4;15.8;0.0;97.4;19.9;7.9;40.2;37;50;2
288;SB10;5.2;248.5;13.4;6.9;539.5;91.8;0.0;0.0;78.3;23.4;0.0;34.0;44;50;1
289;SB10;5.9;119.3;4.5;7.3;570.1;130.9;0.0;0.0;89.8;25.4;0.0;38.4;38;50;2
292;SB10;8.8;62.4;15.4;7.5;722.1;85.9;19.6;0.0;94.8;34.7;9.8;46.5;28;50;3
293;SB10;5.4;373.4;8.7;7.1;757.4;238.0;0.0;0.0;67.3;25.5;0.0;31.7;50;50;1
294;SB10;5.0;191.1;16.5;6.4;808.7;169.9;0.0;0.0;83.4;17.5;0.0;32.9;47;50;1
322;SB01;5.5;52.7;86.8;7.5;253.2;124.1;100.0;0.0;95.7;71.0;50.0;73.2;5;41;5
323;SB01;10.2;150.8;77.2;8.1;257.0;62.8;98.8;0.0;87.0;74.7;49.4;72.1;8;41;5
324;SB01;8.0;337.2;75.7;7.9;301.9;95.2;6.5;93.5;70.5;71.6;52.7;66.5;14;41;4
325;SB01;9.3;166.6;44.2;6.8;332.8;134.7;0.0;34.1;85.6;37.7;18.0;47.2;34;41;1
326;SB01;8.3;68.1;16.4;6.3;374.8;7.1;0.0;0.0;94.3;15.7;0.0;35.4;41;41;1
328;SB09;6.8;66.7;61.5;7.9;299.0;44.1;71.7;1.1;94.4;64.2;36.4;66.3;9;54;5
329;SB09;9.5;118.9;77.9;7.6;307.6;82.4;92.9;1.8;89.8;68.5;47.4;69.6;3;54;5
330;SB09;14.1;75.8;73.5;7.4;310.1;65.9;80.1;16.4;93.6;63.1;48.7;68.7;4;54;5
331;SB09;11.0;74.8;70.4;7.2;334.2;101.6;89.1;5.6;93.7;57.9;47.5;66.1;10;54;5
332;SB09;5.8;95.1;38.5;6.7;348.4;40.1;65.8;27.4;91.9;33.1;47.4;54.3;32;54;3
333;SB09;10.0;114.1;17.5;6.8;422.4;165.7;27.6;50.6;90.2;23.9;40.5;47.9;41;54;2
334;SB09;5.1;93.9;2.2;7.0;436.2;78.3;45.0;24.8;92.0;20.8;35.6;45.9;47;54;1
335;SB10;6.9;66.6;9.5;6.8;381.2;61.0;57.6;0.0;94.4;20.5;28.8;44.7;31;50;2
336;SB10;10.3;90.1;27.5;6.9;400.8;118.8;85.4;0.0;92.4;31.9;42.7;52.7;20;50;4
337;SB10;7.5;46.9;15.4;6.5;382.1;105.8;41.8;0.0;96.2;18.2;20.9;42.3;34;50;2
338;SB10;6.7;174.5;38.6;6.7;448.9;122.7;2.8;0.0;84.9;34.0;1.4;41.1;35;50;2
339;SB10;7.1;324.5;62.6;7.3;476.9;26.1;13.7;0.0;71.6;54.6;6.9;47.8;27;50;3
341;SB10;3.9;352.8;27.7;7.1;521.3;34.0;0.0;0.0;69.1;34.7;0.0;36.3;41;50;1
342;SB10;4.2;141.3;36.8;8.2;531.4;50.9;0.0;0.0;87.8;56.4;0.0;51.7;22;50;3
347;SB05;6.9;622.9;43.1;6.7;923.3;77.1;0.0;0.0;45.2;35.7;0.0;29.6;82;92;1
348;SB05;8.8;623.2;42.5;7.0;911.2;179.5;0.0;0.0;45.2;40.2;0.0;31.7;77;92;1
376;SB01;8.4;207.4;81.3;7.3;260.1;72.8;98.8;0.0;82.0;64.2;49.4;65.8;16;41;4
377;SB01;7.6;63.6;64.5;6.9;261.2;128.0;92.8;5.7;94.7;49.4;49.4;63.0;19;41;3
378;SB01;7.1;90.3;50.4;7.1;310.9;109.1;65.7;23.5;92.3;45.5;45.3;59.5;26;41;2
379;SB01;6.8;22.4;17.8;6.5;331.4;58.2;0.7;0.0;98.4;19.3;0.4;38.3;39;41;1
380;SB01;6.0;73.8;17.3;6.2;365.3;37.8;10.0;0.0;93.8;14.8;5.0;36.1;40;41;1
382;SB09;5.9;93.4;30.6;7.6;331.7;43.4;99.8;0.0;92.1;43.6;49.9;59.7;22;54;4
383;SB09;6.1;23.1;54.5;7.7;316.1;50.2;43.0;50.6;98.3;58.1;48.3;67.7;7;54;5
384;SB09;9.9;167.2;48.2;7.2;358.7;31.0;40.4;38.1;85.5;46.1;40.3;56.5;28;54;3
385;SB09;9.4;133.8;36.8;6.8;348.2;57.9;51.3;7.9;88.5;33.6;29.8;49.1;38;54;2
386;SB10;8.1;80.4;53.5;6.8;339.7;77.8;39.7;52.9;93.2;41.8;47.8;58.7;14;50;4
387;SB10;6.2;61.4;40.9;7.4;338.9;69.7;58.3;0.0;94.9;45.2;29.2;56.1;16;50;4
388;SB10;8.0;53.5;38.1;7.0;360.8;62.2;66.8;0.0;95.6;37.3;33.4;53.8;19;50;4
389;SB10;10.0;135.6;30.1;6.8;374.4;61.8;68.4;0.0;88.3;31.6;34.2;49.2;25;50;3
390;SB10;12.4;317.7;44.6;6.8;428.3;79.8;30.0;0.0;72.2;38.9;15.0;42.9;32;50;2
391;SB10;10.9;252.1;81.8;7.3;443.6;183.4;11.1;0.0;78.0;65.5;5.5;54.3;18;50;4
392;SB10;8.8;250.6;84.0;7.9;448.7;69.3;31.7;0.0;78.2;76.3;15.9;61.8;12;50;4
400;SB05;12.2;470.8;38.2;6.8;900.4;11.5;0.0;0.0;58.7;35.4;0.0;33.5;69;92;2
401;SB05;15.4;655.5;35.7;6.8;915.2;94.8;0.0;0.0;42.3;32.9;0.0;27.5;84;92;1
402;SB05;6.2;530.8;18.3;6.6;918.6;124.0;0.0;0.0;53.4;22.0;0.0;25.9;86;92;1
430;SB01;4.4;115.6;61.4;7.6;268.2;78.5;99.2;0.0;90.1;59.8;49.6;66.4;15;41;4
431;SB01;5.9;98.7;65.7;7.3;269.2;124.3;100.0;0.0;91.6;57.2;50.0;65.7;17;41;4
432;SB01;8.3;339.9;67.9;7.7;268.8;101.6;100.0;0.0;70.2;63.9;50.0;62.3;22;41;3
433;SB01;3.7;367.5;52.1;7.4;268.3;52.9;100.0;0.0;67.8;52.2;50.0;56.3;29;41;2
437;SB10;3.1;63.7;32.8;6.9;311.4;43.5;23.4;10.1;94.7;33.9;17.0;47.9;26;50;3
438;SB10;10.0;239.6;64.0;7.4;356.4;83.6;3.5;90.9;79.1;57.0;49.8;61.8;11;50;4
439;SB10;11.7;79.2;82.3;7.5;335.8;207.8;67.6;29.9;93.3;68.4;49.6;71.2;4;50;5
440;SB10;6.8;80.4;62.2;7.3;349.7;69.1;90.0;2.5;93.2;54.9;46.3;64.2;10;50;5
441;SB10;3.6;49.3;67.6;7.2;360.9;94.2;87.2;3.1;96.0;56.3;45.2;65.4;9;50;5
443;SB10;5.6;75.0;59.3;7.1;403.6;313.4;3.8;63.9;93.7;49.9;35.7;59.5;13;50;4
444;SB10;7.3;128.6;86.5;7.4;416.6;119.6;29.0;34.0;89.0;69.0;32.5;65.8;7;50;5
445;SB10;4.5;170.6;61.1;6.7;434.3;78.2;72.2;0.0;85.2;45.2;36.1;54.9;17;50;4
446;SB10;3.6;208.6;88.6;8.2;440.3;95.0;100.0;0.0;81.9;83.1;50.0;74.4;2;50;5
452;SB05;5.3;166.4;75.3;7.9;852.1;121.0;0.0;0.0;85.6;71.3;0.0;57.8;6;92;5
453;SB05;15.1;263.5;54.0;7.5;863.6;89.4;0.0;0.0;77.0;54.3;0.0;47.6;21;92;4
454;SB05;14.0;624.6;7.8;6.8;894.7;140.8;0.0;0.0;45.0;19.8;0.0;22.4;91;92;1
455;SB05;11.7;637.5;6.4;7.0;937.5;189.0;0.0;0.0;43.9;21.9;0.0;23.0;90;92;1
485;SB01;9.3;156.2;85.7;8.2;314.2;71.4;5.4;94.6;86.5;80.6;52.7;75.4;2;41;5
486;SB01;10.6;318.6;84.0;8.4;321.5;119.0;81.5;18.5;72.1;83.9;50.5;72.0;9;41;5
487;SB01;8.3;261.4;68.1;7.8;278.9;112.1;74.9;21.9;77.2;66.7;49.0;65.4;18;41;3
488;SB01;6.4;164.2;46.9;7.4;280.6;125.4;87.3;9.3;85.8;48.3;48.6;59.6;25;41;3
490;SB10;8.3;213.4;41.2;6.7;337.6;162.1;64.5;12.4;81.5;35.1;38.8;49.9;24;50;3
491;SB02;14.4;464.7;77.9;7.5;349.7;104.6;66.8;29.0;59.2;66.2;48.7;59.7;4;17;5
492;SB02;13.0;446.5;68.8;7.8;358.1;61.6;57.5;11.5;60.8;67.0;34.9;57.1;5;17;4
493;SB02;9.2;286.3;58.4;7.0;362.8;95.9;41.3;35.3;75.0;47.5;39.3;53.7;10;17;3
494;SB02;9.4;265.3;24.8;6.4;372.5;135.3;6.9;35.1;76.9;22.4;22.0;38.6;16;17;1
495;SB10;9.1;63.4;38.3;7.0;392.1;60.1;49.1;0.0;94.7;38.7;24.6;52.0;21;50;3
496;SB10;14.4;66.0;77.3;7.4;405.2;101.4;60.5;27.7;94.5;64.5;44.9;68.6;6;50;5
497;SB10;13.5;4.4;97.9;7.8;401.4;123.1;70.8;3.0;100.0;81.3;37.0;75.8;1;50;5
498;SB10;13.4;279.1;85.4;7.5;431.4;106.9;92.8;2.4;75.6;69.3;47.7;65.8;8;50;5
499;SB10;9.5;444.4;48.3;7.0;460.8;70.3;65.9;0.0;61.0;42.6;32.9;45.7;30;50;3
503;SB05;3.2;309.5;8.3;6.0;795.2;288.8;0.0;0.0;72.9;6.8;0.0;25.0;88;92;1
504;SB05;10.6;343.5;18.9;6.6;835.6;370.6;0.0;0.0;69.9;21.3;0.0;30.6;81;92;1
505;SB05;12.1;404.5;52.4;6.9;855.5;29.2;0.0;0.0;64.5;43.3;0.0;38.8;55;92;3
506;SB05;5.7;438.9;13.1;6.7;885.7;46.1;0.0;0.0;61.5;20.8;0.0;27.8;83;92;1
508;SB05;10.4;901.2;2.4;6.9;983.5;146.7;0.0;0.0;20.6;18.0;0.0;14.3;92;92;1
539;SB01;10.9;61.1;76.2;7.8;319.6;49.0;80.2;19.2;94.9;70.8;50.2;72.9;6;41;5
540;SB01;12.2;289.4;73.9;7.4;332.2;110.5;46.2;52.1;74.7;61.8;50.7;62.9;20;41;3
541;SB01;5.3;201.8;43.8;6.9;327.9;57.9;67.7;30.3;82.5;39.1;49.9;54.8;31;41;2
542;SB08;4.9;57.9;29.7;6.6;308.2;62.2;77.7;17.1;95.2;27.2;47.9;52.8;3;15;5
543;SB02;7.3;89.2;36.3;6.9;322.0;88.5;36.7;14.7;92.4;35.3;26.1;50.1;11;17;3
544;SB02;9.6;243.8;59.9;7.0;344.5;79.3;22.5;57.5;78.8;49.7;41.6;56.4;7;17;4
545;SB02;7.7;190.0;42.8;7.0;317.8;69.2;47.4;0.2;83.5;39.9;23.8;48.9;12;17;2
546;SB02;3.7;228.7;50.0;6.6;377.5;81.5;0.0;0.0;80.1;37.4;0.0;40.9;15;17;1
548;SB02;7.5;463.0;26.8;6.7;395.5;56.1;26.2;11.2;59.4;27.1;19.0;34.8;17;17;1
549;SB10;13.1;507.5;78.9;7.4;414.2;100.9;66.0;17.3;55.4;65.2;42.1;56.5;15;50;4
550;SB10;12.0;475.1;97.7;8.5;419.4;108.0;65.6;33.6;58.3;92.7;50.6;71.9;3;50;5
551;SB10;3.8;346.3;89.3;8.2;424.3;25.9;96.0;0.0;69.7;83.5;48.0;70.5;5;50;5
552;SB10;12.2;283.5;52.6;7.1;453.2;68.8;48.2;2.6;75.2;47.3;25.4;50.2;23;50;3
553;SB05;4.6;121.1;7.0;6.9;481.4;91.3;12.7;0.0;89.6;20.9;6.3;37.9;58;92;2
554;SB05;7.2;201.1;7.5;6.6;495.3;67.9;0.0;0.0;82.5;15.9;0.0;31.9;76;92;1
557;SB05;6.3;76.5;13.3;6.5;751.3;62.9;0.0;0.0;93.6;17.6;0.0;36.0;64;92;2
565;SB05;3.5;467.3;49.1;6.7;1066.7;659.0;0.0;0.0;59.0;39.4;0.0;35.4;67;92;2
591;SB01;4.9;196.2;18.6;6.4;371.9;51.0;55.1;37.9;83.0;18.1;47.6;44.9;36;41;1
592;SB01;7.3;161.9;43.1;7.1;352.7;45.7;89.2;0.0;86.0;42.6;44.6;56.1;30;41;2
593;SB01;8.9;120.4;28.4;7.0;349.4;98.3;90.6;2.7;89.7;32.8;46.7;53.4;32;41;2
594;SB08;6.2;62.7;30.4;6.8;329.4;109.8;78.9;16.8;94.8;31.5;48.3;54.7;2;15;5
597;SB02;4.2;159.2;36.1;7.2;307.3;54.9;98.6;0.0;86.2;40.5;49.3;56.4;8;17;3
599;SB02;4.3;136.5;61.3;6.9;357.4;37.7;53.6;0.0;88.3;47.9;26.8;54.7;9;17;3
602;SB02;5.8;258.7;28.8;6.9;406.9;57.9;56.1;6.1;77.4;32.2;31.2;45.5;14;17;2
603;SB05;9.0;285.2;60.4;7.3;413.9;84.3;100.0;0.0;75.1;53.6;50.0;59.1;5;92;5
604;SB10;4.0;276.4;33.7;7.1;435.8;85.0;48.7;5.3;75.9;37.5;27.1;46.4;29;50;3
605;SB05;5.2;106.1;41.2;7.1;439.4;77.5;70.9;0.0;90.9;42.0;35.5;55.1;10;92;5
606;SB05;4.7;209.7;24.7;6.9;470.4;106.4;13.1;0.0;81.8;29.4;6.5;39.4;52;92;3
607;SB05;4.4;305.1;23.4;7.1;468.4;68.8;0.0;0.0;73.3;31.9;0.0;36.4;63;92;2
643;SB01;3.8;98.3;5.8;6.9;400.7;47.0;43.7;2.6;91.6;20.9;23.2;42.7;37;41;1
644;SB01;10.9;151.8;20.4;6.5;375.0;85.0;69.5;29.1;86.9;21.2;50.1;48.2;33;41;2
645;SB01;11.2;28.2;46.1;7.0;360.5;78.0;98.5;0.0;97.8;42.5;49.3;60.8;24;41;3
646;SB08;6.5;73.8;21.7;6.8;352.5;64.0;60.2;0.0;93.8;25.9;30.1;47.3;7;15;3
647;SB08;3.3;66.1;3.2;6.4;329.8;93.9;72.0;0.0;94.5;11.2;36.0;42.4;11;15;2
648;SB08;7.3;40.5;19.1;6.6;330.5;9.3;87.3;0.0;96.8;21.6;43.6;49.7;6;15;4
649;SB08;3.4;105.0;20.0;7.0;340.6;62.4;87.8;0.0;91.0;29.0;43.9;51.3;4;15;4
652;SB02;3.7;325.4;44.6;7.1;381.8;9.9;54.5;0.0;71.5;42.6;27.3;47.4;13;17;2
653;SB02;6.5;192.5;70.3;7.1;385.6;88.5;79.2;0.0;83.3;56.4;39.6;60.3;3;17;5
656;SB05;4.7;254.1;65.1;7.3;394.2;40.8;100.0;0.0;77.8;56.7;50.0;61.4;4;92;5
676;SB05;3.4;237.4;0.0;7.0;943.5;34.6;0.0;0.0;79.3;19.4;0.0;32.5;71;92;2
678;SB05;5.5;351.1;4.4;7.2;1033.6;230.2;0.0;0.0;69.3;23.9;0.0;31.5;78;92;1
679;SB05;4.1;467.4;48.7;6.7;1053.6;75.5;0.0;0.0;59.0;39.1;0.0;35.3;68;92;2
697;SB01;6.3;68.0;11.4;6.6;410.9;76.5;67.4;0.5;94.3;18.6;33.9;45.2;35;41;1
698;SB08;5.2;146.2;27.5;6.6;390.7;82.5;100.0;0.0;87.4;26.6;50.0;50.7;5;15;4
701;SB08;3.5;79.2;8.8;6.6;360.4;59.5;55.4;0.0;93.3;16.9;27.7;42.5;10;15;2
702;SB08;4.2;71.6;14.7;6.8;343.5;66.4;54.8;0.0;94.0;23.0;27.4;45.4;9;15;3
705;SB02;7.6;316.3;74.4;8.0;406.6;75.7;100.0;0.0;72.3;73.2;50.0;67.1;2;17;5
706;SB02;4.3;141.2;85.9;7.3;393.4;98.4;100.0;0.0;87.8;67.4;50.0;69.2;1;17;5
707;SB02;3.0;144.0;72.1;7.8;435.5;61.2;0.0;0.0;87.6;68.0;0.0;56.9;6;17;4
719;SB05;5.4;230.3;48.4;7.0;674.2;37.6;35.0;0.0;80.0;43.0;17.5;47.7;20;92;4
720;SB05;10.1;205.9;59.0;6.9;689.9;98.2;0.0;0.0;82.1;46.2;0.0;45.4;27;92;4
721;SB05;10.6;236.8;47.9;7.0;730.3;67.6;0.0;0.0;79.4;43.1;0.0;43.2;34;92;4
722;SB05;3.6;235.6;50.0;7.0;758.9;161.9;0.0;0.0;79.5;44.3;0.0;43.8;32;92;4
724;SB05;9.1;293.2;63.4;7.4;797.5;148.3;0.0;0.0;74.4;57.0;0.0;48.0;18;92;5
725;SB05;11.0;318.9;53.1;7.2;814.2;71.3;0.0;0.0;72.1;49.1;0.0;43.7;33;92;4
726;SB05;4.6;216.6;26.4;7.0;892.9;60.4;0.0;0.0;81.2;32.9;0.0;39.2;53;92;3
727;SB05;7.2;269.8;54.1;7.1;905.1;93.8;0.0;0.0;76.5;47.3;0.0;44.2;29;92;4
728;SB05;4.1;194.3;28.4;6.8;924.1;141.4;20.5;0.0;83.1;30.7;10.2;41.3;43;92;3
729;SB05;6.4;159.9;23.0;7.6;941.3;120.5;0.0;0.0;86.2;40.4;0.0;44.0;31;92;4
730;SB05;6.5;266.5;41.4;6.7;954.2;82.6;0.0;0.0;76.8;35.3;0.0;38.9;54;92;3
731;SB05;10.0;28.5;83.1;7.7;941.0;2.6;36.4;0.0;97.8;71.9;18.2;66.2;1;92;5
732;SB05;10.6;400.4;62.3;7.4;958.7;48.6;30.2;0.0;64.9;57.0;15.1;48.9;16;92;5
733;SB05;11.1;711.6;61.2;7.4;987.8;151.7;0.0;0.0;37.3;56.2;0.0;36.5;62;92;2
734;SB05;7.2;1034.1;47.5;7.3;997.2;98.9;10.1;0.0;8.8;47.0;5.1;25.0;87;92;1
736;SB05;4.8;393.0;41.5;7.1;1057.6;74.5;11.7;0.0;65.5;41.5;5.8;39.8;51;92;3
737;SB05;3.4;668.5;47.0;7.3;1071.0;160.1;0.0;0.0;41.2;46.9;0.0;33.4;70;92;2
754;SB08;6.9;214.4;2.5;5.9;487.3;110.1;0.0;0.0;81.4;2.3;0.0;25.5;15;15;1
755;SB08;4.1;32.0;6.1;6.1;369.2;77.0;10.6;0.0;97.5;7.4;5.3;33.9;12;15;2
760;SB03;4.1;167.4;25.8;6.9;461.2;188.4;0.0;0.0;85.5;30.8;0.0;39.5;3;3;2
761;SB03;3.4;61.9;56.9;7.1;450.7;20.3;0.0;0.0;94.9;49.5;0.0;50.7;2;3;4
769;SB05;3.6;260.9;96.6;7.2;702.3;275.7;0.0;0.0;77.2;71.1;0.0;55.2;9;92;5
770;SB05;6.7;250.3;86.7;7.7;688.8;46.9;42.8;0.0;78.2;74.1;21.4;62.2;3;92;5
772;SB05;4.2;79.7;25.3;6.8;710.2;187.6;66.9;0.0;93.3;29.3;33.4;49.5;13;92;5
773;SB05;11.8;141.1;22.9;6.6;731.8;163.0;7.7;0.0;87.9;24.3;3.9;38.2;57;92;2
774;SB05;13.1;164.1;43.2;7.1;754.7;82.9;8.1;0.0;85.8;42.4;4.1;45.8;26;92;4
775;SB05;13.3;354.1;47.0;7.2;768.8;69.2;0.1;0.0;69.0;45.8;0.1;41.3;42;92;3
776;SB05;6.9;226.5;55.1;7.3;795.8;144.9;0.0;0.0;80.3;50.9;0.0;47.0;23;92;4
778;SB05;4.8;291.2;50.6;7.7;839.8;253.5;0.0;0.0;74.6;55.0;0.0;47.1;22;92;4
779;SB05;8.9;324.8;30.5;7.7;864.0;104.6;0.0;0.0;71.6;45.6;0.0;42.0;40;92;3
780;SB05;8.9;341.7;75.0;7.5;932.7;41.0;0.0;0.0;70.1;65.4;0.0;50.5;12;92;5
781;SB05;10.6;254.2;59.5;7.2;938.6;82.4;15.6;0.0;77.8;51.6;7.8;48.5;17;92;5
782;SB05;6.5;507.5;47.9;7.1;957.4;36.7;23.9;0.0;55.4;45.0;11.9;39.9;49;92;3
783;SB05;15.8;428.0;74.4;7.5;951.4;78.9;60.8;0.0;62.5;64.1;30.4;55.2;8;92;5
784;SB05;15.9;328.3;54.0;7.4;960.1;18.7;36.4;0.0;71.3;52.1;18.2;49.4;14;92;5
785;SB05;11.8;527.3;40.6;7.4;974.9;122.8;44.0;0.0;53.7;45.5;22.0;42.1;39;92;3
786;SB05;8.8;927.1;51.9;7.1;987.3;176.2;6.1;0.0;18.3;47.0;3.0;27.4;85;92;1
787;SB05;13.4;1133.5;80.3;7.4;997.4;73.8;21.0;0.0;0.0;65.7;10.5;32.2;74;92;2
788;SB05;10.7;1041.3;85.9;7.4;1011.7;86.7;21.9;0.0;8.2;68.1;10.9;35.8;65;92;2
789;SB05;10.9;888.9;53.7;7.2;1035.1;0.6;26.1;0.0;21.7;49.7;13.1;32.1;75;92;1
790;SB05;8.6;955.5;38.2;7.1;1034.9;23.5;3.2;0.0;15.8;39.8;1.6;23.0;89;92;1
807;SB08;3.5;135.7;0.0;6.5;498.3;157.4;0.0;0.0;88.3;11.8;0.0;31.8;13;15;1
809;SB08;3.6;204.6;27.1;7.0;461.3;304.8;52.4;0.0;82.2;32.5;26.2;45.8;8;15;3
821;SB05;9.2;273.2;44.4;7.1;687.6;56.7;0.0;0.0;76.2;43.0;0.0;42.2;38;92;3
822;SB05;3.5;131.2;43.5;7.0;675.2;70.5;13.3;0.0;88.7;41.5;6.6;47.0;24;92;4
823;SB05;8.1;290.6;43.0;7.5;697.7;120.8;73.3;0.0;74.6;49.0;36.7;53.6;11;92;5
824;SB05;3.1;35.8;2.1;6.6;701.6;54.9;69.9;0.0;97.2;14.4;35.0;44.4;28;92;4
825;SB05;9.9;218.2;5.0;6.9;745.1;99.5;68.2;0.3;81.0;20.1;34.3;41.9;41;92;3
826;SB05;12.3;48.3;9.3;7.6;772.5;92.6;33.0;0.0;96.1;33.3;16.5;47.9;19;92;5
827;SB05;14.2;255.7;18.2;7.4;786.7;91.5;33.0;0.0;77.7;34.7;16.5;43.1;35;92;4
828;SB05;12.7;466.8;25.7;7.5;786.3;72.2;65.1;0.0;59.0;40.5;32.5;44.1;30;92;4
829;SB05;7.3;382.8;26.5;7.5;830.0;116.0;4.7;0.0;66.5;39.7;2.3;38.4;56;92;3
835;SB05;11.1;353.5;83.3;7.8;960.3;49.2;69.9;0.0;69.0;73.8;35.0;62.7;2;92;5
836;SB05;15.1;514.0;65.7;7.2;984.2;153.7;60.7;0.0;54.8;55.9;30.4;49.2;15;92;5
837;SB05;14.6;760.7;41.5;7.0;1015.0;84.4;20.9;0.0;33.0;40.4;10.4;30.7;80;92;1
838;SB05;9.6;827.5;91.2;8.2;1025.0;198.2;5.4;0.0;27.1;83.7;2.7;46.4;25;92;4
839;SB05;11.0;726.0;98.0;8.1;1029.4;1.6;44.2;0.0;36.1;86.6;22.1;55.3;7;92;5
840;SB05;15.5;940.2;84.8;7.3;1018.3;94.3;16.3;0.0;17.1;65.9;8.1;36.8;60;92;2
841;SB05;15.1;760.6;82.8;7.6;1028.5;137.7;0.6;0.0;33.0;69.5;0.3;41.3;44;92;3
842;SB11;15.1;501.6;97.8;8.0;1034.5;113.6;78.0;0.0;55.9;84.2;39.0;64.4;2;32;5
843;SB11;10.5;608.4;80.7;7.5;1039.1;122.4;9.7;0.0;46.5;67.9;4.8;45.7;13;32;4
861;SB08;4.6;221.6;6.2;5.9;500.6;275.6;0.0;0.0;80.7;5.0;0.0;26.5;14;15;1
874;SB05;6.5;274.8;17.3;6.4;708.8;204.3;0.0;0.0;76.0;17.8;0.0;30.8;79;92;1
875;SB05;8.2;361.9;39.5;6.8;697.9;86.1;29.9;0.0;68.3;36.0;15.0;40.4;48;92;3
878;SB05;5.3;264.7;37.0;6.6;944.0;55.8;0.0;0.0;76.9;31.1;0.0;37.1;59;92;2
882;SB05;3.8;134.1;0.0;7.5;853.3;52.9;18.9;0.0;88.5;26.5;9.4;40.8;46;92;3
883;SB05;6.2;255.1;0.0;7.4;872.6;45.2;38.8;0.0;77.8;25.8;19.4;39.8;50;92;3
884;SB05;4.6;556.7;3.7;8.0;889.5;70.1;27.7;0.0;51.1;37.2;13.9;35.5;66;92;2
887;SB05;4.7;157.5;6.2;6.5;954.8;238.7;0.0;0.0;86.4;14.1;0.0;32.3;73;92;2
889;SB05;8.6;243.9;25.0;6.9;977.2;144.5;44.5;0.0;78.8;29.7;22.3;42.5;37;92;4
890;SB11;13.7;510.4;71.7;7.8;1012.3;123.8;0.0;0.0;55.2;68.2;0.0;47.2;10;32;4
891;SB11;15.2;422.2;73.7;7.4;1018.9;111.3;15.1;0.0;63.0;63.1;7.5;49.2;8;32;4
892;SB11;12.6;454.6;61.5;7.2;1031.6;88.0;54.2;0.0;60.1;52.7;27.1;48.5;9;32;4
893;SB11;10.4;521.3;65.9;7.6;1029.5;162.4;0.0;0.0;54.2;61.4;0.0;43.9;16;32;3
894;SB11;11.3;380.1;74.1;7.6;1020.1;280.7;0.0;0.0;66.7;65.9;0.0;49.7;7;32;5
895;SB11;15.7;178.0;79.1;7.3;1017.1;123.1;48.6;0.0;84.6;64.0;24.3;60.2;4;32;5
896;SB11;5.3;225.4;100.0;7.5;1016.5;89.9;76.3;0.0;80.4;77.7;38.1;68.6;1;32;5
931;SB04;5.6;455.9;65.3;7.0;965.1;152.8;0.0;0.0;60.0;51.0;0.0;41.0;5;7;3
932;SB04;6.0;634.7;98.3;7.6;958.2;136.9;0.0;0.0;44.2;78.6;0.0;48.6;2;7;5
934;SB04;3.5;656.3;60.3;8.9;912.8;44.2;0.0;0.0;42.2;80.2;0.0;48.8;1;7;5
939;SB05;7.1;151.8;23.0;7.2;958.1;89.6;0.0;0.0;86.9;33.4;0.0;41.1;45;92;3
940;SB05;7.1;186.2;28.0;7.1;991.3;21.0;0.0;0.0;83.9;34.6;0.0;40.7;47;92;3
941;SB05;11.2;260.8;12.4;6.7;973.3;76.2;0.0;0.0;77.3;20.5;0.0;32.4;72;92;2
942;SB05;10.5;369.5;25.3;7.1;972.8;109.1;57.6;0.0;67.6;33.8;28.8;42.7;36;92;4
943;SB11;6.5;238.9;9.7;6.8;986.0;72.5;56.7;0.0;79.2;20.1;28.4;39.9;18;32;3
944;SB11;5.2;118.2;16.7;7.0;933.9;172.2;0.0;0.0;89.9;27.8;0.0;39.5;20;32;3
948;SB11;7.8;9.2;16.3;6.4;993.2;198.7;0.0;0.0;99.5;17.8;0.0;37.9;25;32;2
984;SB04;4.7;343.2;18.2;6.8;767.6;166.6;0.0;0.0;70.0;25.6;0.0;32.5;7;7;1
995;SB05;6.2;243.8;8.1;6.6;977.8;125.3;46.0;0.0;78.8;15.9;23.0;36.5;61;92;2
996;SB11;4.8;193.2;38.8;6.6;1008.5;56.0;0.0;0.0;83.2;32.4;0.0;39.6;19;32;3
1000;SB11;3.7;174.4;11.8;6.9;928.3;190.4;11.1;0.0;84.9;24.1;5.5;37.7;26;32;2
1001;SB11;8.9;207.1;22.4;6.7;928.5;95.3;9.0;0.0;82.0;25.7;4.5;37.3;27;32;1
1002;SB11;4.9;256.3;45.3;7.2;933.4;51.7;0.0;0.0;77.7;45.3;0.0;43.7;17;32;3
1038;SB04;3.8;249.6;32.9;6.9;761.6;154.6;56.4;0.0;78.2;33.1;28.2;45.4;3;7;4
1052;SB11;3.5;127.1;1.4;6.6;866.8;213.7;0.0;0.0;89.1;13.0;0.0;32.6;32;32;1
1053;SB11;6.8;94.7;7.5;7.0;915.8;144.6;13.6;0.0;92.0;22.6;6.8;39.5;21;32;2
1054;SB11;8.9;139.6;8.9;6.3;912.3;11.7;7.6;0.0;88.0;11.8;3.8;32.7;31;32;1
1055;SB11;12.7;295.8;54.8;7.1;939.4;57.5;7.2;0.0;74.2;48.4;3.6;44.9;15;32;3
1075;SB08;4.4;191.0;52.9;7.4;548.9;184.6;100.0;0.0;83.4;51.3;50.0;60.6;1;15;5
1091;SB04;4.3;126.3;0.0;6.9;650.4;63.4;43.9;0.0;89.2;16.7;21.9;39.7;6;7;2
1097;SB11;3.7;134.4;37.3;6.4;682.2;127.6;0.0;0.0;88.4;27.4;0.0;38.9;22;32;2
1098;SB11;6.5;48.6;7.6;6.8;645.7;24.7;0.0;0.0;96.0;20.3;0.0;38.0;24;32;2
1099;SB11;5.0;135.9;4.1;7.3;687.9;276.4;0.0;0.0;88.3;26.7;0.0;38.5;23;32;2
1105;SB11;3.8;28.8;27.4;7.2;820.5;34.9;5.2;0.0;97.8;36.5;2.6;46.4;12;32;4
1106;SB11;5.8;9.6;48.0;8.5;831.0;79.5;29.0;0.0;99.5;67.1;14.5;63.7;3;32;5
1107;SB11;6.4;75.0;17.9;7.6;848.3;108.9;16.3;0.0;93.7;37.7;8.1;47.1;11;32;4
1108;SB11;13.8;195.2;20.4;6.5;952.7;35.8;0.0;0.0;83.1;20.8;0.0;34.3;29;32;1
1109;SB11;4.1;396.4;25.8;6.9;966.1;31.2;0.2;0.0;65.3;29.7;0.1;32.9;30;32;1
1134;SB03;3.8;90.0;1.6;7.5;595.2;34.8;93.5;0.0;92.4;28.2;46.8;52.1;1;3;4
1146;SB04;4.9;296.3;15.8;7.2;624.9;122.2;39.6;0.0;74.1;30.7;19.8;41.0;4;7;3
1151;SB11;11.0;278.0;14.8;7.1;701.1;110.9;0.0;0.0;75.7;27.5;0.0;35.1;28;32;1
1161;SB11;6.5;78.5;18.7;7.3;941.6;103.3;17.2;0.0;93.4;33.6;8.6;45.3;14;32;3
1162;SB11;5.2;43.7;38.3;7.6;948.4;63.7;74.0;0.0;96.5;48.0;37.0;59.8;5;32;5
1212;SB11;3.5;13.2;15.3;8.4;1009.2;102.6;0.0;0.0;99.2;48.9;0.0;51.8;6;32;5
1297;SB07;3.6;64.0;8.3;5.9;522.1;113.9;0.0;0.0;94.7;5.7;0.0;31.0;3;3;1
1363;SB06;3.0;35.1;9.6;7.3;655.9;38.2;0.0;0.0;97.2;28.1;0.0;41.8;1;1;2
1418;SB13;5.8;108.0;33.0;6.9;698.3;47.0;35.0;0.0;90.8;34.5;17.5;47.1;1;6;5
1419;SB12;5.1;37.9;24.7;7.0;660.6;50.1;18.8;0.0;97.0;30.7;9.4;45.3;1;7;5
1420;SB12;4.1;132.6;12.7;7.2;709.8;53.0;0.0;0.0;88.6;28.7;0.0;39.5;2;7;5
1422;SB12;3.9;91.8;1.4;6.3;732.4;53.7;0.0;0.3;92.2;8.3;0.2;31.5;6;7;2
1424;SB12;4.1;51.9;1.4;6.5;761.1;61.0;0.0;0.0;95.7;12.3;0.0;34.3;5;7;3
1425;SB12;3.4;46.5;3.3;6.6;787.4;79.8;0.0;0.0;96.2;14.6;0.0;35.5;3;7;4
1426;SB12;3.7;45.5;0.0;6.6;824.9;58.3;0.0;0.0;96.3;12.9;0.0;34.7;4;7;3
1455;SB07;4.3;23.5;8.0;6.8;538.8;44.2;0.0;0.5;98.3;19.6;0.3;38.4;1;3;2
1470;SB13;3.6;51.2;16.4;6.7;672.9;53.0;26.0;0.0;95.8;22.1;13.0;41.9;2;6;5
1471;SB13;3.6;128.6;7.8;6.0;776.8;137.2;16.8;0.0;89.0;7.3;8.4;32.1;5;6;2
1472;SB13;3.8;28.8;8.6;5.8;755.4;63.6;0.0;0.0;97.8;4.4;0.0;31.3;6;6;1
1473;SB12;4.1;39.8;5.4;5.9;818.5;145.9;0.0;0.0;96.8;3.6;0.0;30.7;7;7;1
1510;SB07;5.0;26.4;7.4;5.8;597.4;84.5;0.0;0.0;98.0;3.7;0.0;31.1;2;3;1
1523;SB13;5.0;73.1;4.9;6.5;695.2;60.8;0.0;0.0;93.9;12.9;0.0;33.9;3;6;4
1686;SB13;3.5;202.8;12.7;6.5;1370.5;37.8;0.0;0.0;82.4;17.3;0.0;32.5;4;6;3
