id;commune;surface_km2;A1;A2;A3;B1;B2;B3;C1;C2;C3;D1;D2;D3;nom;n_A1;n_A2;n_A3;n_B1;n_B2;n_B3;n_C1;n_C2;n_C3;n_D1;n_D2;n_D3;f_A;f_B;f_C;f_D;note;rang;etoiles
SB01;Montclar-sur-Gervanne;10.0;2.33;85.63;2.0;2.4;15.95;67.7;44.09;6.43;53.56;34.94;2.88;1.36;Bassin de Montclar-sur-Gervanne;49.2;68.8;21.9;100.0;100.0;100.0;100.0;95.2;100.0;74.8;85.2;8.7;46.6;100.0;98.4;56.2;74.8;1;5
SB09;Suze;12.8;3.01;84.73;3.92;1.74;12.17;63.34;37.44;6.32;36.02;40.34;2.83;1.11;la Romane;72.7;66.8;43.0;70.0;76.3;93.4;83.9;85.7;65.6;90.3;82.5;0.0;60.8;79.9;78.4;57.6;69.3;2;5
SB10;Gigors-et-Lozeron;12.3;1.56;80.96;5.68;1.03;8.6;35.41;38.2;6.48;37.54;43.7;3.16;1.34;Ruisseau de Chantemerle;22.9;58.6;62.4;37.7;53.9;51.4;85.7;100.0;68.5;100.0;100.0;8.0;48.0;47.7;84.7;69.3;61.4;3;5
SB02;Beaufort-sur-Gervanne;6.8;1.46;63.39;8.87;1.79;9.95;41.13;37.79;6.32;40.82;22.54;3.09;1.2;Bassin de Beaufort-sur-Gervanne;19.5;20.4;97.6;72.2;62.4;60.0;84.7;85.7;75.0;39.0;96.3;3.2;45.8;64.9;81.8;46.2;59.7;4;4
SB05;Plan-de-Baix;27.2;0.89;85.57;3.31;0.93;0.04;16.75;34.36;6.43;34.39;39.58;2.37;2.59;Ruisseau des Combes;0.0;68.6;36.4;33.1;0.3;23.3;76.4;95.2;62.4;88.1;58.1;50.9;35.0;18.9;78.0;65.7;47.9;5;4
SB11;Le Chaffal;12.2;1.35;93.7;6.57;0.48;0.0;9.45;18.25;6.14;28.38;36.79;1.6;3.41;Ruisseau Corbière/Ruisseau de Comberoufle;15.9;86.3;72.2;12.5;0.0;12.3;37.3;70.9;50.6;80.1;17.7;78.8;58.1;8.3;52.9;58.9;44.5;6;4
SB08;Montclar-sur-Gervanne;13.2;3.39;72.1;4.55;0.48;0.42;22.78;9.69;5.66;7.91;19.47;1.92;3.5;la Vaugelette;85.7;39.4;50.0;12.5;2.6;32.3;16.6;29.7;10.4;30.2;35.0;81.9;58.4;15.8;18.9;49.0;36.0;7;3
SB13;Omblèze;5.4;3.54;100.0;1.86;0.21;0.0;2.04;4.15;5.38;3.7;22.77;1.58;2.25;Ruisseau de Lardenne;90.6;100.0;20.4;0.0;0.0;1.1;3.1;5.1;2.1;39.7;17.1;38.9;70.3;0.4;3.4;31.9;28.4;8;3
SB07;Eygluy-Escoulin;16.3;3.81;85.66;4.92;0.63;0.43;2.74;3.58;5.39;3.56;8.99;1.39;2.23;la Sépie;100.0;68.8;54.1;19.2;2.7;2.2;1.7;6.4;1.8;0.0;7.2;38.3;74.3;8.0;3.3;15.2;28.2;9;2
SB12;Omblèze;10.0;2.43;85.2;3.99;0.51;0.15;1.3;3.57;5.52;2.63;24.17;1.26;2.53;la Gervanne (Omblèze);52.7;67.8;43.8;14.0;0.9;0.0;1.7;17.6;0.0;43.7;0.0;48.6;54.8;5.0;6.4;30.8;25.4;10;2
SB03;Eygluy-Escoulin;8.7;1.94;74.88;0.0;0.93;0.0;12.43;11.89;5.72;5.96;9.54;1.53;4.03;Ruisseau de Fonteuse;35.8;45.4;0.0;33.0;0.0;16.8;21.9;34.5;6.5;1.6;14.5;100.0;27.1;16.6;21.0;38.7;25.3;11;2
SB04;Plan-de-Baix;11.0;1.2;53.99;9.1;0.73;0.0;6.87;11.4;5.72;13.11;14.85;1.99;1.66;la Gervanne (Plan-de-Baix);10.7;0.0;100.0;24.0;0.0;8.4;20.7;34.4;20.6;16.9;38.5;18.7;36.9;10.8;25.2;24.7;25.0;12;1
SB06;Omblèze;6.1;2.25;79.87;6.52;0.42;0.0;1.39;2.86;5.32;7.04;10.85;1.51;1.84;la Gervanne (Omblèze);46.6;56.2;71.7;9.6;0.0;0.1;0.0;0.0;8.6;5.4;13.2;25.0;58.2;3.2;2.9;14.5;21.9;13;1
